<?xml version="1.0" encoding="UTF-8"?>
<depth_maps version="1.2.0">
  <depth_map camera_id="0" path="d0.exr">
    <calibration type="frame">
      <resolution width="756" height="1008"/>
      <fx>8.5179452655750151e+02</fx>
      <fy>8.5179452655750151e+02</fy>
      <cx>3.7807918391630824e+02</cx>
      <cy>5.0406293988788030e+02</cy>
    </calibration>
  </depth_map>
  <depth_map camera_id="1" path="d1.exr">
    <calibration type="frame">
      <resolution width="756" height="1008"/>
      <fx>8.5179452655750151e+02</fx>
      <fy>8.5179452655750151e+02</fy>
      <cx>3.7807918391630824e+02</cx>
      <cy>5.0406293988788030e+02</cy>
    </calibration>
  </depth_map>
  <depth_map camera_id="2" path="d2.exr">
    <calibration type="frame">
      <resolution width="756" height="1008"/>
      <fx>8.5179452655750151e+02</fx>
      <fy>8.5179452655750151e+02</fy>
      <cx>3.7807918391630824e+02</cx>
      <cy>5.0406293988788030e+02</cy>
    </calibration>
  </depth_map>
  <depth_map camera_id="3" path="d3.exr">
    <calibration type="frame">
      <resolution width="756" height="1008"/>
      <fx>8.5179452655750151e+02</fx>
      <fy>8.5179452655750151e+02</fy>
      <cx>3.7807918391630824e+02</cx>
      <cy>5.0406293988788030e+02</cy>
    </calibration>
  </depth_map>
  <depth_map camera_id="4" path="d4.exr">
    <calibration type="frame">
      <resolution width="756" height="1008"/>
      <fx>8.5179452655750151e+02</fx>
      <fy>8.5179452655750151e+02</fy>
      <cx>3.7807918391630824e+02</cx>
      <cy>5.0406293988788030e+02</cy>
    </calibration>
  </depth_map>
  <depth_map camera_id="5" path="d5.exr">
    <calibration type="frame">
      <resolution width="756" height="1008"/>
      <fx>8.5179452655750151e+02</fx>
      <fy>8.5179452655750151e+02</fy>
      <cx>3.7807918391630824e+02</cx>
      <cy>5.0406293988788030e+02</cy>
    </calibration>
  </depth_map>
  <depth_map camera_id="6" path="d6.exr">
    <calibration type="frame">
      <resolution width="756" height="1008"/>
      <fx>8.5179452655750151e+02</fx>
      <fy>8.5179452655750151e+02</fy>
      <cx>3.7807918391630824e+02</cx>
      <cy>5.0406293988788030e+02</cy>
    </calibration>
  </depth_map>
  <depth_map camera_id="7" path="d7.exr">
    <calibration type="frame">
      <resolution width="756" height="1008"/>
      <fx>8.5179452655750151e+02</fx>
      <fy>8.5179452655750151e+02</fy>
      <cx>3.7807918391630824e+02</cx>
      <cy>5.0406293988788030e+02</cy>
    </calibration>
  </depth_map>
  <depth_map camera_id="8" path="d8.exr">
    <calibration type="frame">
      <resolution width="756" height="1008"/>
      <fx>8.5179452655750151e+02</fx>
      <fy>8.5179452655750151e+02</fy>
      <cx>3.7807918391630824e+02</cx>
      <cy>5.0406293988788030e+02</cy>
    </calibration>
  </depth_map>
  <depth_map camera_id="9" path="d9.exr">
    <calibration type="frame">
      <resolution width="756" height="1008"/>
      <fx>8.5179452655750151e+02</fx>
      <fy>8.5179452655750151e+02</fy>
      <cx>3.7807918391630824e+02</cx>
      <cy>5.0406293988788030e+02</cy>
    </calibration>
  </depth_map>
  <depth_map camera_id="10" path="d10.exr">
    <calibration type="frame">
      <resolution width="756" height="1008"/>
      <fx>8.5179452655750151e+02</fx>
      <fy>8.5179452655750151e+02</fy>
      <cx>3.7807918391630824e+02</cx>
      <cy>5.0406293988788030e+02</cy>
    </calibration>
  </depth_map>
  <depth_map camera_id="11" path="d11.exr">
    <calibration type="frame">
      <resolution width="756" height="1008"/>
      <fx>8.5179452655750151e+02</fx>
      <fy>8.5179452655750151e+02</fy>
      <cx>3.7807918391630824e+02</cx>
      <cy>5.0406293988788030e+02</cy>
    </calibration>
  </depth_map>
  <depth_map camera_id="12" path="d12.exr">
    <calibration type="frame">
      <resolution width="756" height="1008"/>
      <fx>8.5179452655750151e+02</fx>
      <fy>8.5179452655750151e+02</fy>
      <cx>3.7807918391630824e+02</cx>
      <cy>5.0406293988788030e+02</cy>
    </calibration>
  </depth_map>
  <depth_map camera_id="13" path="d13.exr">
    <calibration type="frame">
      <resolution width="756" height="1008"/>
      <fx>8.5179452655750151e+02</fx>
      <fy>8.5179452655750151e+02</fy>
      <cx>3.7807918391630824e+02</cx>
      <cy>5.0406293988788030e+02</cy>
    </calibration>
  </depth_map>
  <depth_map camera_id="14" path="d14.exr">
    <calibration type="frame">
      <resolution width="1008" height="756"/>
      <fx>8.6348847615477791e+02</fx>
      <fy>8.6348847615477791e+02</fy>
      <cx>5.1357590773643324e+02</cx>
      <cy>3.7931648435459476e+02</cy>
    </calibration>
  </depth_map>
  <depth_map camera_id="15" path="d15.exr">
    <calibration type="frame">
      <resolution width="1008" height="756"/>
      <fx>8.6348847615477791e+02</fx>
      <fy>8.6348847615477791e+02</fy>
      <cx>5.1357590773643324e+02</cx>
      <cy>3.7931648435459476e+02</cy>
    </calibration>
  </depth_map>
  <depth_map camera_id="16" path="d16.exr">
    <calibration type="frame">
      <resolution width="756" height="1008"/>
      <fx>8.5179452655750151e+02</fx>
      <fy>8.5179452655750151e+02</fy>
      <cx>3.7807918391630824e+02</cx>
      <cy>5.0406293988788030e+02</cy>
    </calibration>
  </depth_map>
  <depth_map camera_id="17" path="d17.exr">
    <calibration type="frame">
      <resolution width="756" height="1008"/>
      <fx>8.5179452655750151e+02</fx>
      <fy>8.5179452655750151e+02</fy>
      <cx>3.7807918391630824e+02</cx>
      <cy>5.0406293988788030e+02</cy>
    </calibration>
  </depth_map>
  <depth_map camera_id="18" path="d18.exr">
    <calibration type="frame">
      <resolution width="756" height="1008"/>
      <fx>8.5179452655750151e+02</fx>
      <fy>8.5179452655750151e+02</fy>
      <cx>3.7807918391630824e+02</cx>
      <cy>5.0406293988788030e+02</cy>
    </calibration>
  </depth_map>
  <depth_map camera_id="19" path="d19.exr">
    <calibration type="frame">
      <resolution width="756" height="1008"/>
      <fx>8.5179452655750151e+02</fx>
      <fy>8.5179452655750151e+02</fy>
      <cx>3.7807918391630824e+02</cx>
      <cy>5.0406293988788030e+02</cy>
    </calibration>
  </depth_map>
  <depth_map camera_id="20" path="d20.exr">
    <calibration type="frame">
      <resolution width="756" height="1008"/>
      <fx>8.5179452655750151e+02</fx>
      <fy>8.5179452655750151e+02</fy>
      <cx>3.7807918391630824e+02</cx>
      <cy>5.0406293988788030e+02</cy>
    </calibration>
  </depth_map>
  <depth_map camera_id="21" path="d21.exr">
    <calibration type="frame">
      <resolution width="756" height="1008"/>
      <fx>8.5179452655750151e+02</fx>
      <fy>8.5179452655750151e+02</fy>
      <cx>3.7807918391630824e+02</cx>
      <cy>5.0406293988788030e+02</cy>
    </calibration>
  </depth_map>
  <depth_map camera_id="22" path="d22.exr">
    <calibration type="frame">
      <resolution width="756" height="1008"/>
      <fx>8.5179452655750151e+02</fx>
      <fy>8.5179452655750151e+02</fy>
      <cx>3.7807918391630824e+02</cx>
      <cy>5.0406293988788030e+02</cy>
    </calibration>
  </depth_map>
  <depth_map camera_id="23" path="d23.exr">
    <calibration type="frame">
      <resolution width="756" height="1008"/>
      <fx>8.5179452655750151e+02</fx>
      <fy>8.5179452655750151e+02</fy>
      <cx>3.7807918391630824e+02</cx>
      <cy>5.0406293988788030e+02</cy>
    </calibration>
  </depth_map>
  <depth_map camera_id="24" path="d24.exr">
    <calibration type="frame">
      <resolution width="756" height="1008"/>
      <fx>8.5179452655750151e+02</fx>
      <fy>8.5179452655750151e+02</fy>
      <cx>3.7807918391630824e+02</cx>
      <cy>5.0406293988788030e+02</cy>
    </calibration>
  </depth_map>
  <depth_map camera_id="25" path="d25.exr">
    <calibration type="frame">
      <resolution width="756" height="1008"/>
      <fx>8.5179452655750151e+02</fx>
      <fy>8.5179452655750151e+02</fy>
      <cx>3.7807918391630824e+02</cx>
      <cy>5.0406293988788030e+02</cy>
    </calibration>
  </depth_map>
  <depth_map camera_id="26" path="d26.exr">
    <calibration type="frame">
      <resolution width="652" height="1160"/>
      <fx>9.2551055525357253e+02</fx>
      <fy>9.2551055525357253e+02</fy>
      <cx>3.4431153697395854e+02</cx>
      <cy>5.8483942655960743e+02</cy>
    </calibration>
  </depth_map>
  <depth_map camera_id="27" path="d27.exr">
    <calibration type="frame">
      <resolution width="652" height="1160"/>
      <fx>9.2551055525357253e+02</fx>
      <fy>9.2551055525357253e+02</fy>
      <cx>3.4431153697395854e+02</cx>
      <cy>5.8483942655960743e+02</cy>
    </calibration>
  </depth_map>
  <depth_map camera_id="28" path="d28.exr">
    <calibration type="frame">
      <resolution width="652" height="1160"/>
      <fx>9.2551055525357253e+02</fx>
      <fy>9.2551055525357253e+02</fy>
      <cx>3.4431153697395854e+02</cx>
      <cy>5.8483942655960743e+02</cy>
    </calibration>
  </depth_map>
  <depth_map camera_id="30" path="d30.exr">
    <calibration type="frame">
      <resolution width="652" height="1160"/>
      <fx>9.2551055525357253e+02</fx>
      <fy>9.2551055525357253e+02</fy>
      <cx>3.4431153697395854e+02</cx>
      <cy>5.8483942655960743e+02</cy>
    </calibration>
  </depth_map>
  <depth_map camera_id="31" path="d31.exr">
    <calibration type="frame">
      <resolution width="652" height="1160"/>
      <fx>9.2551055525357253e+02</fx>
      <fy>9.2551055525357253e+02</fy>
      <cx>3.4431153697395854e+02</cx>
      <cy>5.8483942655960743e+02</cy>
    </calibration>
  </depth_map>
  <depth_map camera_id="32" path="d32.exr">
    <calibration type="frame">
      <resolution width="652" height="1160"/>
      <fx>9.2551055525357253e+02</fx>
      <fy>9.2551055525357253e+02</fy>
      <cx>3.4431153697395854e+02</cx>
      <cy>5.8483942655960743e+02</cy>
    </calibration>
  </depth_map>
  <depth_map camera_id="33" path="d33.exr">
    <calibration type="frame">
      <resolution width="652" height="1160"/>
      <fx>9.2551055525357253e+02</fx>
      <fy>9.2551055525357253e+02</fy>
      <cx>3.4431153697395854e+02</cx>
      <cy>5.8483942655960743e+02</cy>
    </calibration>
  </depth_map>
  <depth_map camera_id="34" path="d34.exr">
    <calibration type="frame">
      <resolution width="652" height="1160"/>
      <fx>9.2551055525357253e+02</fx>
      <fy>9.2551055525357253e+02</fy>
      <cx>3.4431153697395854e+02</cx>
      <cy>5.8483942655960743e+02</cy>
    </calibration>
  </depth_map>
  <depth_map camera_id="35" path="d35.exr">
    <calibration type="frame">
      <resolution width="652" height="1160"/>
      <fx>9.2551055525357253e+02</fx>
      <fy>9.2551055525357253e+02</fy>
      <cx>3.4431153697395854e+02</cx>
      <cy>5.8483942655960743e+02</cy>
    </calibration>
  </depth_map>
  <depth_map camera_id="36" path="d36.exr">
    <calibration type="frame">
      <resolution width="652" height="1160"/>
      <fx>9.2551055525357253e+02</fx>
      <fy>9.2551055525357253e+02</fy>
      <cx>3.4431153697395854e+02</cx>
      <cy>5.8483942655960743e+02</cy>
    </calibration>
  </depth_map>
  <depth_map camera_id="37" path="d37.exr">
    <calibration type="frame">
      <resolution width="652" height="1160"/>
      <fx>9.2551055525357253e+02</fx>
      <fy>9.2551055525357253e+02</fy>
      <cx>3.4431153697395854e+02</cx>
      <cy>5.8483942655960743e+02</cy>
    </calibration>
  </depth_map>
  <depth_map camera_id="38" path="d38.exr">
    <calibration type="frame">
      <resolution width="652" height="1160"/>
      <fx>9.2551055525357253e+02</fx>
      <fy>9.2551055525357253e+02</fy>
      <cx>3.4431153697395854e+02</cx>
      <cy>5.8483942655960743e+02</cy>
    </calibration>
  </depth_map>
  <depth_map camera_id="39" path="d39.exr">
    <calibration type="frame">
      <resolution width="652" height="1160"/>
      <fx>9.2551055525357253e+02</fx>
      <fy>9.2551055525357253e+02</fy>
      <cx>3.4431153697395854e+02</cx>
      <cy>5.8483942655960743e+02</cy>
    </calibration>
  </depth_map>
  <depth_map camera_id="40" path="d40.exr">
    <calibration type="frame">
      <resolution width="652" height="1160"/>
      <fx>9.2551055525357253e+02</fx>
      <fy>9.2551055525357253e+02</fy>
      <cx>3.4431153697395854e+02</cx>
      <cy>5.8483942655960743e+02</cy>
    </calibration>
  </depth_map>
  <depth_map camera_id="41" path="d41.exr">
    <calibration type="frame">
      <resolution width="652" height="1160"/>
      <fx>9.2551055525357253e+02</fx>
      <fy>9.2551055525357253e+02</fy>
      <cx>3.4431153697395854e+02</cx>
      <cy>5.8483942655960743e+02</cy>
    </calibration>
  </depth_map>
  <depth_map camera_id="42" path="d42.exr">
    <calibration type="frame">
      <resolution width="652" height="1160"/>
      <fx>9.2551055525357253e+02</fx>
      <fy>9.2551055525357253e+02</fy>
      <cx>3.4431153697395854e+02</cx>
      <cy>5.8483942655960743e+02</cy>
    </calibration>
  </depth_map>
  <depth_map camera_id="43" path="d43.exr">
    <calibration type="frame">
      <resolution width="652" height="1160"/>
      <fx>9.2551055525357253e+02</fx>
      <fy>9.2551055525357253e+02</fy>
      <cx>3.4431153697395854e+02</cx>
      <cy>5.8483942655960743e+02</cy>
    </calibration>
  </depth_map>
  <depth_map camera_id="44" path="d44.exr">
    <calibration type="frame">
      <resolution width="1160" height="652"/>
      <fx>9.2713681850151920e+02</fx>
      <fy>9.2713681850151920e+02</fy>
      <cx>5.9350256499473801e+02</cx>
      <cy>2.9188282741257211e+02</cy>
    </calibration>
  </depth_map>
  <depth_map camera_id="45" path="d45.exr">
    <calibration type="frame">
      <resolution width="1160" height="652"/>
      <fx>9.2713681850151920e+02</fx>
      <fy>9.2713681850151920e+02</fy>
      <cx>5.9350256499473801e+02</cx>
      <cy>2.9188282741257211e+02</cy>
    </calibration>
  </depth_map>
  <depth_map camera_id="46" path="d46.exr">
    <calibration type="frame">
      <resolution width="1160" height="652"/>
      <fx>9.2713681850151920e+02</fx>
      <fy>9.2713681850151920e+02</fy>
      <cx>5.9350256499473801e+02</cx>
      <cy>2.9188282741257211e+02</cy>
    </calibration>
  </depth_map>
  <depth_map camera_id="47" path="d47.exr">
    <calibration type="frame">
      <resolution width="652" height="1160"/>
      <fx>9.2551055525357253e+02</fx>
      <fy>9.2551055525357253e+02</fy>
      <cx>3.4431153697395854e+02</cx>
      <cy>5.8483942655960743e+02</cy>
    </calibration>
  </depth_map>
  <depth_map camera_id="48" path="d48.exr">
    <calibration type="frame">
      <resolution width="652" height="1160"/>
      <fx>9.2551055525357253e+02</fx>
      <fy>9.2551055525357253e+02</fy>
      <cx>3.4431153697395854e+02</cx>
      <cy>5.8483942655960743e+02</cy>
    </calibration>
  </depth_map>
  <depth_map camera_id="49" path="d49.exr">
    <calibration type="frame">
      <resolution width="652" height="1160"/>
      <fx>9.2551055525357253e+02</fx>
      <fy>9.2551055525357253e+02</fy>
      <cx>3.4431153697395854e+02</cx>
      <cy>5.8483942655960743e+02</cy>
    </calibration>
  </depth_map>
  <depth_map camera_id="50" path="d50.exr">
    <calibration type="frame">
      <resolution width="652" height="1160"/>
      <fx>9.2551055525357253e+02</fx>
      <fy>9.2551055525357253e+02</fy>
      <cx>3.4431153697395854e+02</cx>
      <cy>5.8483942655960743e+02</cy>
    </calibration>
  </depth_map>
  <depth_map camera_id="51" path="d51.exr">
    <calibration type="frame">
      <resolution width="652" height="1160"/>
      <fx>9.2551055525357253e+02</fx>
      <fy>9.2551055525357253e+02</fy>
      <cx>3.4431153697395854e+02</cx>
      <cy>5.8483942655960743e+02</cy>
    </calibration>
  </depth_map>
  <depth_map camera_id="52" path="d52.exr">
    <calibration type="frame">
      <resolution width="652" height="1160"/>
      <fx>9.2551055525357253e+02</fx>
      <fy>9.2551055525357253e+02</fy>
      <cx>3.4431153697395854e+02</cx>
      <cy>5.8483942655960743e+02</cy>
    </calibration>
  </depth_map>
  <depth_map camera_id="53" path="d53.exr">
    <calibration type="frame">
      <resolution width="652" height="1160"/>
      <fx>9.2551055525357253e+02</fx>
      <fy>9.2551055525357253e+02</fy>
      <cx>3.4431153697395854e+02</cx>
      <cy>5.8483942655960743e+02</cy>
    </calibration>
  </depth_map>
  <depth_map camera_id="54" path="d54.exr">
    <calibration type="frame">
      <resolution width="652" height="1160"/>
      <fx>9.2551055525357253e+02</fx>
      <fy>9.2551055525357253e+02</fy>
      <cx>3.4431153697395854e+02</cx>
      <cy>5.8483942655960743e+02</cy>
    </calibration>
  </depth_map>
  <depth_map camera_id="55" path="d55.exr">
    <calibration type="frame">
      <resolution width="652" height="1160"/>
      <fx>9.2551055525357253e+02</fx>
      <fy>9.2551055525357253e+02</fy>
      <cx>3.4431153697395854e+02</cx>
      <cy>5.8483942655960743e+02</cy>
    </calibration>
  </depth_map>
  <depth_map camera_id="56" path="d56.exr">
    <calibration type="frame">
      <resolution width="652" height="1160"/>
      <fx>9.2551055525357253e+02</fx>
      <fy>9.2551055525357253e+02</fy>
      <cx>3.4431153697395854e+02</cx>
      <cy>5.8483942655960743e+02</cy>
    </calibration>
  </depth_map>
  <depth_map camera_id="57" path="d57.exr">
    <calibration type="frame">
      <resolution width="652" height="1160"/>
      <fx>9.2551055525357253e+02</fx>
      <fy>9.2551055525357253e+02</fy>
      <cx>3.4431153697395854e+02</cx>
      <cy>5.8483942655960743e+02</cy>
    </calibration>
  </depth_map>
  <depth_map camera_id="58" path="d58.exr">
    <calibration type="frame">
      <resolution width="652" height="1160"/>
      <fx>9.2551055525357253e+02</fx>
      <fy>9.2551055525357253e+02</fy>
      <cx>3.4431153697395854e+02</cx>
      <cy>5.8483942655960743e+02</cy>
    </calibration>
  </depth_map>
  <depth_map camera_id="59" path="d59.exr">
    <calibration type="frame">
      <resolution width="652" height="1160"/>
      <fx>9.2551055525357253e+02</fx>
      <fy>9.2551055525357253e+02</fy>
      <cx>3.4431153697395854e+02</cx>
      <cy>5.8483942655960743e+02</cy>
    </calibration>
  </depth_map>
  <depth_map camera_id="60" path="d60.exr">
    <calibration type="frame">
      <resolution width="652" height="1160"/>
      <fx>9.2551055525357253e+02</fx>
      <fy>9.2551055525357253e+02</fy>
      <cx>3.4431153697395854e+02</cx>
      <cy>5.8483942655960743e+02</cy>
    </calibration>
  </depth_map>
  <depth_map camera_id="61" path="d61.exr">
    <calibration type="frame">
      <resolution width="652" height="1160"/>
      <fx>9.2551055525357253e+02</fx>
      <fy>9.2551055525357253e+02</fy>
      <cx>3.4431153697395854e+02</cx>
      <cy>5.8483942655960743e+02</cy>
    </calibration>
  </depth_map>
  <depth_map camera_id="62" path="d62.exr">
    <calibration type="frame">
      <resolution width="652" height="1160"/>
      <fx>9.2551055525357253e+02</fx>
      <fy>9.2551055525357253e+02</fy>
      <cx>3.4431153697395854e+02</cx>
      <cy>5.8483942655960743e+02</cy>
    </calibration>
  </depth_map>
  <depth_map camera_id="63" path="d63.exr">
    <calibration type="frame">
      <resolution width="652" height="1160"/>
      <fx>9.2551055525357253e+02</fx>
      <fy>9.2551055525357253e+02</fy>
      <cx>3.4431153697395854e+02</cx>
      <cy>5.8483942655960743e+02</cy>
    </calibration>
  </depth_map>
  <depth_map camera_id="64" path="d64.exr">
    <calibration type="frame">
      <resolution width="652" height="1160"/>
      <fx>9.2551055525357253e+02</fx>
      <fy>9.2551055525357253e+02</fy>
      <cx>3.4431153697395854e+02</cx>
      <cy>5.8483942655960743e+02</cy>
    </calibration>
  </depth_map>
  <depth_map camera_id="65" path="d65.exr">
    <calibration type="frame">
      <resolution width="652" height="1160"/>
      <fx>9.2551055525357253e+02</fx>
      <fy>9.2551055525357253e+02</fy>
      <cx>3.4431153697395854e+02</cx>
      <cy>5.8483942655960743e+02</cy>
    </calibration>
  </depth_map>
  <depth_map camera_id="66" path="d66.exr">
    <calibration type="frame">
      <resolution width="652" height="1160"/>
      <fx>9.2551055525357253e+02</fx>
      <fy>9.2551055525357253e+02</fy>
      <cx>3.4431153697395854e+02</cx>
      <cy>5.8483942655960743e+02</cy>
    </calibration>
  </depth_map>
  <depth_map camera_id="67" path="d67.exr">
    <calibration type="frame">
      <resolution width="652" height="1160"/>
      <fx>9.2551055525357253e+02</fx>
      <fy>9.2551055525357253e+02</fy>
      <cx>3.4431153697395854e+02</cx>
      <cy>5.8483942655960743e+02</cy>
    </calibration>
  </depth_map>
  <depth_map camera_id="68" path="d68.exr">
    <calibration type="frame">
      <resolution width="652" height="1160"/>
      <fx>9.2551055525357253e+02</fx>
      <fy>9.2551055525357253e+02</fy>
      <cx>3.4431153697395854e+02</cx>
      <cy>5.8483942655960743e+02</cy>
    </calibration>
  </depth_map>
  <depth_map camera_id="69" path="d69.exr">
    <calibration type="frame">
      <resolution width="652" height="1160"/>
      <fx>9.2551055525357253e+02</fx>
      <fy>9.2551055525357253e+02</fy>
      <cx>3.4431153697395854e+02</cx>
      <cy>5.8483942655960743e+02</cy>
    </calibration>
  </depth_map>
  <depth_map camera_id="70" path="d70.exr">
    <calibration type="frame">
      <resolution width="652" height="1160"/>
      <fx>9.2551055525357253e+02</fx>
      <fy>9.2551055525357253e+02</fy>
      <cx>3.4431153697395854e+02</cx>
      <cy>5.8483942655960743e+02</cy>
    </calibration>
  </depth_map>
  <depth_map camera_id="71" path="d71.exr">
    <calibration type="frame">
      <resolution width="652" height="1160"/>
      <fx>9.2551055525357253e+02</fx>
      <fy>9.2551055525357253e+02</fy>
      <cx>3.4431153697395854e+02</cx>
      <cy>5.8483942655960743e+02</cy>
    </calibration>
  </depth_map>
  <depth_map camera_id="72" path="d72.exr">
    <calibration type="frame">
      <resolution width="652" height="1160"/>
      <fx>9.2551055525357253e+02</fx>
      <fy>9.2551055525357253e+02</fy>
      <cx>3.4431153697395854e+02</cx>
      <cy>5.8483942655960743e+02</cy>
    </calibration>
  </depth_map>
  <depth_map camera_id="73" path="d73.exr">
    <calibration type="frame">
      <resolution width="652" height="1160"/>
      <fx>9.2551055525357253e+02</fx>
      <fy>9.2551055525357253e+02</fy>
      <cx>3.4431153697395854e+02</cx>
      <cy>5.8483942655960743e+02</cy>
    </calibration>
  </depth_map>
  <depth_map camera_id="74" path="d74.exr">
    <calibration type="frame">
      <resolution width="652" height="1160"/>
      <fx>9.2551055525357253e+02</fx>
      <fy>9.2551055525357253e+02</fy>
      <cx>3.4431153697395854e+02</cx>
      <cy>5.8483942655960743e+02</cy>
    </calibration>
  </depth_map>
  <depth_map camera_id="75" path="d75.exr">
    <calibration type="frame">
      <resolution width="652" height="1160"/>
      <fx>9.2551055525357253e+02</fx>
      <fy>9.2551055525357253e+02</fy>
      <cx>3.4431153697395854e+02</cx>
      <cy>5.8483942655960743e+02</cy>
    </calibration>
  </depth_map>
  <depth_map camera_id="76" path="d76.exr">
    <calibration type="frame">
      <resolution width="652" height="1160"/>
      <fx>9.2551055525357253e+02</fx>
      <fy>9.2551055525357253e+02</fy>
      <cx>3.4431153697395854e+02</cx>
      <cy>5.8483942655960743e+02</cy>
    </calibration>
  </depth_map>
  <depth_map camera_id="77" path="d77.exr">
    <calibration type="frame">
      <resolution width="652" height="1160"/>
      <fx>9.2551055525357253e+02</fx>
      <fy>9.2551055525357253e+02</fy>
      <cx>3.4431153697395854e+02</cx>
      <cy>5.8483942655960743e+02</cy>
    </calibration>
  </depth_map>
  <depth_map camera_id="78" path="d78.exr">
    <calibration type="frame">
      <resolution width="652" height="1160"/>
      <fx>9.2551055525357253e+02</fx>
      <fy>9.2551055525357253e+02</fy>
      <cx>3.4431153697395854e+02</cx>
      <cy>5.8483942655960743e+02</cy>
    </calibration>
  </depth_map>
  <depth_map camera_id="79" path="d79.exr">
    <calibration type="frame">
      <resolution width="652" height="1160"/>
      <fx>9.2551055525357253e+02</fx>
      <fy>9.2551055525357253e+02</fy>
      <cx>3.4431153697395854e+02</cx>
      <cy>5.8483942655960743e+02</cy>
    </calibration>
  </depth_map>
  <depth_map camera_id="80" path="d80.exr">
    <calibration type="frame">
      <resolution width="652" height="1160"/>
      <fx>9.2551055525357253e+02</fx>
      <fy>9.2551055525357253e+02</fy>
      <cx>3.4431153697395854e+02</cx>
      <cy>5.8483942655960743e+02</cy>
    </calibration>
  </depth_map>
  <depth_map camera_id="81" path="d81.exr">
    <calibration type="frame">
      <resolution width="652" height="1160"/>
      <fx>9.2551055525357253e+02</fx>
      <fy>9.2551055525357253e+02</fy>
      <cx>3.4431153697395854e+02</cx>
      <cy>5.8483942655960743e+02</cy>
    </calibration>
  </depth_map>
  <depth_map camera_id="82" path="d82.exr">
    <calibration type="frame">
      <resolution width="652" height="1160"/>
      <fx>9.2551055525357253e+02</fx>
      <fy>9.2551055525357253e+02</fy>
      <cx>3.4431153697395854e+02</cx>
      <cy>5.8483942655960743e+02</cy>
    </calibration>
  </depth_map>
  <depth_map camera_id="83" path="d83.exr">
    <calibration type="frame">
      <resolution width="652" height="1160"/>
      <fx>9.2551055525357253e+02</fx>
      <fy>9.2551055525357253e+02</fy>
      <cx>3.4431153697395854e+02</cx>
      <cy>5.8483942655960743e+02</cy>
    </calibration>
  </depth_map>
  <depth_map camera_id="84" path="d84.exr">
    <calibration type="frame">
      <resolution width="652" height="1160"/>
      <fx>9.2551055525357253e+02</fx>
      <fy>9.2551055525357253e+02</fy>
      <cx>3.4431153697395854e+02</cx>
      <cy>5.8483942655960743e+02</cy>
    </calibration>
  </depth_map>
  <depth_map camera_id="85" path="d85.exr">
    <calibration type="frame">
      <resolution width="652" height="1160"/>
      <fx>9.2551055525357253e+02</fx>
      <fy>9.2551055525357253e+02</fy>
      <cx>3.4431153697395854e+02</cx>
      <cy>5.8483942655960743e+02</cy>
    </calibration>
  </depth_map>
  <depth_map camera_id="86" path="d86.exr">
    <calibration type="frame">
      <resolution width="652" height="1160"/>
      <fx>9.2551055525357253e+02</fx>
      <fy>9.2551055525357253e+02</fy>
      <cx>3.4431153697395854e+02</cx>
      <cy>5.8483942655960743e+02</cy>
    </calibration>
  </depth_map>
  <depth_map camera_id="87" path="d87.exr">
    <calibration type="frame">
      <resolution width="652" height="1160"/>
      <fx>9.2551055525357253e+02</fx>
      <fy>9.2551055525357253e+02</fy>
      <cx>3.4431153697395854e+02</cx>
      <cy>5.8483942655960743e+02</cy>
    </calibration>
  </depth_map>
  <depth_map camera_id="88" path="d88.exr">
    <calibration type="frame">
      <resolution width="652" height="1160"/>
      <fx>9.2551055525357253e+02</fx>
      <fy>9.2551055525357253e+02</fy>
      <cx>3.4431153697395854e+02</cx>
      <cy>5.8483942655960743e+02</cy>
    </calibration>
  </depth_map>
  <depth_map camera_id="89" path="d89.exr">
    <calibration type="frame">
      <resolution width="652" height="1160"/>
      <fx>9.2551055525357253e+02</fx>
      <fy>9.2551055525357253e+02</fy>
      <cx>3.4431153697395854e+02</cx>
      <cy>5.8483942655960743e+02</cy>
    </calibration>
  </depth_map>
  <depth_map camera_id="90" path="d90.exr">
    <calibration type="frame">
      <resolution width="652" height="1160"/>
      <fx>9.2551055525357253e+02</fx>
      <fy>9.2551055525357253e+02</fy>
      <cx>3.4431153697395854e+02</cx>
      <cy>5.8483942655960743e+02</cy>
    </calibration>
  </depth_map>
  <depth_map camera_id="91" path="d91.exr">
    <calibration type="frame">
      <resolution width="652" height="1160"/>
      <fx>9.2551055525357253e+02</fx>
      <fy>9.2551055525357253e+02</fy>
      <cx>3.4431153697395854e+02</cx>
      <cy>5.8483942655960743e+02</cy>
    </calibration>
  </depth_map>
  <depth_map camera_id="92" path="d92.exr">
    <calibration type="frame">
      <resolution width="652" height="1160"/>
      <fx>9.2551055525357253e+02</fx>
      <fy>9.2551055525357253e+02</fy>
      <cx>3.4431153697395854e+02</cx>
      <cy>5.8483942655960743e+02</cy>
    </calibration>
  </depth_map>
</depth_maps>
