<?xml version="1.0" encoding="UTF-8"?>
<point_cloud version="1.2.0">
  <tracks path="tracks.ply" count="93852"/>
  <points path="points.ply" count="82943"/>
  <projections camera_id="0" path="p0.ply" count="5667"/>
  <projections camera_id="1" path="p1.ply" count="3465"/>
  <projections camera_id="2" path="p2.ply" count="6146"/>
  <projections camera_id="3" path="p3.ply" count="6117"/>
  <projections camera_id="4" path="p4.ply" count="6251"/>
  <projections camera_id="5" path="p5.ply" count="5987"/>
  <projections camera_id="6" path="p6.ply" count="5051"/>
  <projections camera_id="7" path="p7.ply" count="5729"/>
  <projections camera_id="8" path="p8.ply" count="5065"/>
  <projections camera_id="9" path="p9.ply" count="5082"/>
  <projections camera_id="10" path="p10.ply" count="5228"/>
  <projections camera_id="11" path="p11.ply" count="6183"/>
  <projections camera_id="12" path="p12.ply" count="6025"/>
  <projections camera_id="13" path="p13.ply" count="2778"/>
  <projections camera_id="14" path="p14.ply" count="3993"/>
  <projections camera_id="15" path="p15.ply" count="3554"/>
  <projections camera_id="16" path="p16.ply" count="6025"/>
  <projections camera_id="17" path="p17.ply" count="7534"/>
  <projections camera_id="18" path="p18.ply" count="8115"/>
  <projections camera_id="19" path="p19.ply" count="5778"/>
  <projections camera_id="20" path="p20.ply" count="804"/>
  <projections camera_id="21" path="p21.ply" count="293"/>
  <projections camera_id="22" path="p22.ply" count="416"/>
  <projections camera_id="23" path="p23.ply" count="2440"/>
  <projections camera_id="24" path="p24.ply" count="2966"/>
  <projections camera_id="25" path="p25.ply" count="1850"/>
  <projections camera_id="26" path="p26.ply" count="6347"/>
  <projections camera_id="27" path="p27.ply" count="6005"/>
  <projections camera_id="28" path="p28.ply" count="6059"/>
  <projections camera_id="29" path="p29.ply" count="149"/>
  <projections camera_id="30" path="p30.ply" count="6269"/>
  <projections camera_id="31" path="p31.ply" count="6723"/>
  <projections camera_id="32" path="p32.ply" count="6069"/>
  <projections camera_id="33" path="p33.ply" count="6041"/>
  <projections camera_id="34" path="p34.ply" count="6090"/>
  <projections camera_id="35" path="p35.ply" count="6795"/>
  <projections camera_id="36" path="p36.ply" count="4569"/>
  <projections camera_id="37" path="p37.ply" count="5979"/>
  <projections camera_id="38" path="p38.ply" count="6454"/>
  <projections camera_id="39" path="p39.ply" count="5367"/>
  <projections camera_id="40" path="p40.ply" count="5337"/>
  <projections camera_id="41" path="p41.ply" count="5049"/>
  <projections camera_id="42" path="p42.ply" count="4143"/>
  <projections camera_id="43" path="p43.ply" count="4245"/>
  <projections camera_id="44" path="p44.ply" count="5074"/>
  <projections camera_id="45" path="p45.ply" count="3948"/>
  <projections camera_id="46" path="p46.ply" count="2083"/>
  <projections camera_id="47" path="p47.ply" count="5074"/>
  <projections camera_id="48" path="p48.ply" count="4519"/>
  <projections camera_id="49" path="p49.ply" count="6740"/>
  <projections camera_id="50" path="p50.ply" count="6140"/>
  <projections camera_id="51" path="p51.ply" count="4007"/>
  <projections camera_id="52" path="p52.ply" count="4437"/>
  <projections camera_id="53" path="p53.ply" count="5999"/>
  <projections camera_id="54" path="p54.ply" count="5999"/>
  <projections camera_id="55" path="p55.ply" count="2912"/>
  <projections camera_id="56" path="p56.ply" count="6046"/>
  <projections camera_id="57" path="p57.ply" count="7288"/>
  <projections camera_id="58" path="p58.ply" count="7357"/>
  <projections camera_id="59" path="p59.ply" count="6537"/>
  <projections camera_id="60" path="p60.ply" count="6011"/>
  <projections camera_id="61" path="p61.ply" count="6208"/>
  <projections camera_id="62" path="p62.ply" count="5484"/>
  <projections camera_id="63" path="p63.ply" count="5215"/>
  <projections camera_id="64" path="p64.ply" count="5159"/>
  <projections camera_id="65" path="p65.ply" count="5997"/>
  <projections camera_id="66" path="p66.ply" count="6067"/>
  <projections camera_id="67" path="p67.ply" count="6069"/>
  <projections camera_id="68" path="p68.ply" count="5985"/>
  <projections camera_id="69" path="p69.ply" count="5911"/>
  <projections camera_id="70" path="p70.ply" count="6000"/>
  <projections camera_id="71" path="p71.ply" count="6010"/>
  <projections camera_id="72" path="p72.ply" count="6037"/>
  <projections camera_id="73" path="p73.ply" count="6073"/>
  <projections camera_id="74" path="p74.ply" count="1145"/>
  <projections camera_id="75" path="p75.ply" count="1095"/>
  <projections camera_id="76" path="p76.ply" count="1250"/>
  <projections camera_id="77" path="p77.ply" count="1257"/>
  <projections camera_id="78" path="p78.ply" count="1432"/>
  <projections camera_id="79" path="p79.ply" count="1478"/>
  <projections camera_id="80" path="p80.ply" count="1418"/>
  <projections camera_id="81" path="p81.ply" count="1216"/>
  <projections camera_id="82" path="p82.ply" count="1233"/>
  <projections camera_id="83" path="p83.ply" count="2729"/>
  <projections camera_id="84" path="p84.ply" count="3113"/>
  <projections camera_id="85" path="p85.ply" count="2800"/>
  <projections camera_id="86" path="p86.ply" count="3347"/>
  <projections camera_id="87" path="p87.ply" count="3570"/>
  <projections camera_id="88" path="p88.ply" count="5689"/>
  <projections camera_id="89" path="p89.ply" count="5252"/>
  <projections camera_id="90" path="p90.ply" count="5528"/>
  <projections camera_id="91" path="p91.ply" count="5467"/>
  <projections camera_id="92" path="p92.ply" count="5151"/>
  <meta>
    <property name="match/duration" value="436.060927"/>
    <property name="match/match_downscale" value="2"/>
    <property name="match/match_filter_mask" value="true"/>
    <property name="match/match_point_limit" value="40000"/>
    <property name="match/match_select_pairs" value="1"/>
    <property name="match/match_tiepoint_limit" value="6000"/>
  </meta>
</point_cloud>
